{
	"m": 
	{
		"km": 0.001,
		"cm": 1e2,
		"mm": 1e3,
		"um": 1e6,
		"nm": 1e9, 
		"ft": 3.28084,
		"inch": 39.37008,
		"yard": 1.093613,
		"mile": 0.000621
	},
	"kg":
	{
		"g": 1000, 
		"ton": 1000, 
		"lb": 2.204586, 
		"oz": 35.27337
	},
	"bar":
	{
		"psi": 14.50326,
		"pa": 100000,
		"kpa": 100,
		"mpa": 0.1,
		"mmhg": 750.0188,
		"atm": 0.987167
	},
	"deg":
	{
		"rad": 0.01745329,
		"rev": 0.002777771
	},
	"l":
	{
		"cc": 1000,
		"gal": 0.2200,
		"oz": 35.19503,
		"quart": 1.056688, 
		"cups": 4, 
		"pint": 2.113376
	},
	"hr":
	{
		"min": 60,
		"sec": 3600,
		"ms": 3600000
	}
}
  	  	 

